committed	source	w	h	source_w	source_h	distance
assets/img/projects/blue-heron-bath-brass-rainhead-valve.jpg	assets/img/projects/blue-heron-bathroom/blue-heron-bathroom-13.jpg	1400	1960	1463	2048	0.0004
assets/img/projects/blue-heron-bath-brass-shower-pulls.jpg	assets/img/projects/blue-heron-bathroom/blue-heron-bathroom-12.jpg	1400	2099	1707	2560	0.0007
assets/img/projects/blue-heron-bath-brass-tub-filler.jpg	assets/img/projects/blue-heron-bathroom/blue-heron-bathroom-16.jpg	1400	1960	1463	2048	0.00032
assets/img/projects/blue-heron-bath-crystal-bath-light.jpg	assets/img/projects/blue-heron-bathroom/blue-heron-bathroom-22.jpg	1400	1400	2048	2048	0.00022
assets/img/projects/blue-heron-bath-double-vanity-mirror.jpg	assets/img/projects/blue-heron-bathroom/blue-heron-bathroom-01.jpg	1400	933	2048	1365	0.00028
assets/img/projects/blue-heron-bath-fluted-vanity-panel.jpg	assets/img/projects/blue-heron-bathroom/blue-heron-bathroom-03.jpg	1400	2099	1707	2560	0.00089
assets/img/projects/blue-heron-bath-frameless-shower.jpg	assets/img/projects/blue-heron-bathroom/blue-heron-bathroom-07.jpg	1400	1960	1463	2048	0.00041
assets/img/projects/blue-heron-bath-shower-and-tub-cover.jpg	assets/img/projects/blue-heron-bathroom/blue-heron-bathroom-05.jpg	800	533	2048	1365	0.00047
assets/img/projects/blue-heron-bath-shower-and-tub-hero-1400.jpg	assets/img/projects/blue-heron-bathroom/blue-heron-bathroom-05.jpg	1400	933	2048	1365	0.00029
assets/img/projects/blue-heron-bath-shower-and-tub-hero-800.jpg	assets/img/projects/blue-heron-bathroom/blue-heron-bathroom-05.jpg	800	533	2048	1365	0.00049
assets/img/projects/blue-heron-bath-shower-and-tub-hero.jpg	assets/img/projects/blue-heron-bathroom/blue-heron-bathroom-05.jpg	2000	1333	2048	1365	0.00021
assets/img/projects/blue-heron-bath-slipper-tub-pearl-mosaic.jpg	assets/img/projects/blue-heron-bathroom/blue-heron-bathroom-17.jpg	1400	933	2048	1365	0.00022
assets/img/projects/blue-heron-bath-tub-crystal-chandelier.jpg	assets/img/projects/blue-heron-bathroom/blue-heron-bathroom-10.jpg	1400	1960	1463	2048	0.00019
assets/img/projects/blue-heron-bath-waterjet-floor-inlay.jpg	assets/img/projects/blue-heron-bathroom/blue-heron-bathroom-23.jpg	1400	933	2048	1365	0.00236
assets/img/projects/crystal-beach-bedroom-woven-panel-bed.jpg	assets/img/projects/crystal-beach-vacation-home/crystal-beach-vacation-home-19.jpg	1400	933	2048	1365	0.00018
assets/img/projects/crystal-beach-great-room-cathedral-ceiling.jpg	assets/img/projects/crystal-beach-vacation-home/crystal-beach-vacation-home-06.jpg	1400	933	2048	1365	0.00019
assets/img/projects/crystal-beach-hall-bath-aqua-stripe.jpg	assets/img/projects/crystal-beach-vacation-home/crystal-beach-vacation-home-11.jpg	1400	933	2048	1365	0.00037
assets/img/projects/crystal-beach-kitchen-denim-blue-cover.jpg	assets/img/projects/crystal-beach-vacation-home/crystal-beach-vacation-home-09.jpg	800	533	2048	1365	0.0005
assets/img/projects/crystal-beach-kitchen-denim-blue-hero-1400.jpg	assets/img/projects/crystal-beach-vacation-home/crystal-beach-vacation-home-09.jpg	1400	933	2048	1365	0.0002
assets/img/projects/crystal-beach-kitchen-denim-blue-hero-800.jpg	assets/img/projects/crystal-beach-vacation-home/crystal-beach-vacation-home-09.jpg	800	533	2048	1365	0.00051
assets/img/projects/crystal-beach-kitchen-denim-blue-hero.jpg	assets/img/projects/crystal-beach-vacation-home/crystal-beach-vacation-home-09.jpg	2000	1333	2048	1365	9e-05
assets/img/projects/crystal-beach-kitchen-peninsula-stools.jpg	assets/img/projects/crystal-beach-vacation-home/crystal-beach-vacation-home-10.jpg	1400	933	2048	1366	0.00021
assets/img/projects/crystal-beach-range-corner-brass-faucet.jpg	assets/img/projects/crystal-beach-vacation-home/crystal-beach-vacation-home-08.jpg	1400	1960	1463	2048	4e-05
assets/img/projects/crystal-beach-shower-brass-fittings.jpg	assets/img/projects/crystal-beach-vacation-home/crystal-beach-vacation-home-18.jpg	1400	2099	1707	2560	0.00082
assets/img/projects/crystal-beach-sofa-wall-rope-pendants.jpg	assets/img/projects/crystal-beach-vacation-home/crystal-beach-vacation-home-04.jpg	1400	1000	2048	1463	0.00013
assets/img/projects/crystal-beach-turquoise-fish-scale-tile.jpg	assets/img/projects/crystal-beach-vacation-home/crystal-beach-vacation-home-15.jpg	1400	2099	1707	2560	0.00071
assets/img/projects/emma-lane-bathroom-steel-blue-vanity.jpg	assets/img/projects/emma-lane-guest-house/emma-lane-guest-house-21.jpg	1400	1750	1638	2048	0.00018
assets/img/projects/emma-lane-bedroom-built-in-millwork.jpg	assets/img/projects/emma-lane-guest-house/emma-lane-guest-house-11.jpg	1400	933	2048	1365	3e-05
assets/img/projects/emma-lane-bedroom-sage-accent-wall-cover.jpg	assets/img/projects/emma-lane-guest-house/emma-lane-guest-house-01.jpg	800	533	2048	1365	0.00047
assets/img/projects/emma-lane-bedroom-sage-accent-wall-hero-1400.jpg	assets/img/projects/emma-lane-guest-house/emma-lane-guest-house-01.jpg	1400	933	2048	1365	0.00017
assets/img/projects/emma-lane-bedroom-sage-accent-wall-hero-800.jpg	assets/img/projects/emma-lane-guest-house/emma-lane-guest-house-01.jpg	800	533	2048	1365	0.00051
assets/img/projects/emma-lane-bedroom-sage-accent-wall-hero.jpg	assets/img/projects/emma-lane-guest-house/emma-lane-guest-house-01.jpg	2000	1333	2048	1365	8e-05
assets/img/projects/emma-lane-bedside-vignette.jpg	assets/img/projects/emma-lane-guest-house/emma-lane-guest-house-07.jpg	1400	1960	1463	2048	9e-05
assets/img/projects/emma-lane-brass-swing-arm-sconce.jpg	assets/img/projects/emma-lane-guest-house/emma-lane-guest-house-18.jpg	1400	1750	1638	2048	0.00025
assets/img/projects/emma-lane-bunk-room-built-in-berths.jpg	assets/img/projects/emma-lane-guest-house/emma-lane-guest-house-17.jpg	1400	933	2048	1365	0.00021
assets/img/projects/emma-lane-great-room-vaulted-ceiling.jpg	assets/img/projects/emma-lane-guest-house/emma-lane-guest-house-42.jpg	1400	925	2048	1354	0.0002
assets/img/projects/emma-lane-kitchen-brick-backsplash.jpg	assets/img/projects/emma-lane-guest-house/emma-lane-guest-house-40.jpg	1400	1750	1638	2048	0.0002
assets/img/projects/emma-lane-kitchen-oak-floating-shelves.jpg	assets/img/projects/emma-lane-guest-house/emma-lane-guest-house-35.jpg	1400	2099	1707	2560	0.00057
assets/img/projects/emma-lane-kitchen-powder-blue-cabinetry.jpg	assets/img/projects/emma-lane-guest-house/emma-lane-guest-house-29.jpg	1400	933	2048	1365	0.00018
assets/img/projects/emma-lane-shower-herringbone-tile.jpg	assets/img/projects/emma-lane-guest-house/emma-lane-guest-house-24.jpg	1400	1750	1638	2048	0.0002
assets/img/projects/evergreen-bathroom-black-steel-door.jpg	assets/img/projects/evergreen-suite-bathroom/evergreen-suite-bathroom-24.jpg	1400	933	2048	1366	0.00014
assets/img/projects/evergreen-bathroom-brass-shower-pull.jpg	assets/img/projects/evergreen-suite-bathroom/evergreen-suite-bathroom-17.jpg	1400	1960	1463	2048	0.0007
assets/img/projects/evergreen-bathroom-clover-handle-faucets.jpg	assets/img/projects/evergreen-suite-bathroom/evergreen-suite-bathroom-13.jpg	1400	2099	1707	2560	0.00038
assets/img/projects/evergreen-bathroom-floor-mount-tub-filler.jpg	assets/img/projects/evergreen-suite-bathroom/evergreen-suite-bathroom-18.jpg	1400	1000	2048	1463	0.0001
assets/img/projects/evergreen-bathroom-frameless-glass-shower.jpg	assets/img/projects/evergreen-suite-bathroom/evergreen-suite-bathroom-02.jpg	1400	1960	1463	2048	0.00091
assets/img/projects/evergreen-bathroom-marble-floor-mosaic.jpg	assets/img/projects/evergreen-suite-bathroom/evergreen-suite-bathroom-14.jpg	1400	933	2048	1365	0.00025
assets/img/projects/evergreen-bathroom-sage-palm-cover.jpg	assets/img/projects/evergreen-suite-bathroom/evergreen-suite-bathroom-01.jpg	800	571	2048	1463	8e-05
assets/img/projects/evergreen-bathroom-sage-palm-hero-1400.jpg	assets/img/projects/evergreen-suite-bathroom/evergreen-suite-bathroom-01.jpg	1400	999	2048	1463	9e-05
assets/img/projects/evergreen-bathroom-sage-palm-hero-800.jpg	assets/img/projects/evergreen-suite-bathroom/evergreen-suite-bathroom-01.jpg	800	571	2048	1463	0.00015
assets/img/projects/evergreen-bathroom-sage-palm-hero.jpg	assets/img/projects/evergreen-suite-bathroom/evergreen-suite-bathroom-01.jpg	2000	1428	2048	1463	0.00022
assets/img/projects/evergreen-bathroom-tub-capiz-pendant.jpg	assets/img/projects/evergreen-suite-bathroom/evergreen-suite-bathroom-20.jpg	1400	1960	1463	2048	8e-05
assets/img/projects/evergreen-bathroom-two-tone-vanity.jpg	assets/img/projects/evergreen-suite-bathroom/evergreen-suite-bathroom-15.jpg	1400	933	2048	1365	0.00018
assets/img/projects/evergreen-bathroom-walk-in-closet-beyond.jpg	assets/img/projects/evergreen-suite-bathroom/evergreen-suite-bathroom-25.jpg	1400	1960	1463	2048	0.00014
assets/img/projects/evergreen-bathroom-white-oak-drawers.jpg	assets/img/projects/evergreen-suite-bathroom/evergreen-suite-bathroom-11.jpg	1400	1750	1638	2048	0.00016
assets/img/projects/evergreen-bedroom-black-steel-barn-door.jpg	assets/img/projects/evergreen-suite-bedroom/evergreen-suite-bedroom-03.jpg	1400	1750	1638	2048	0.00022
assets/img/projects/evergreen-bedroom-brass-wrapped-sconce.jpg	assets/img/projects/evergreen-suite-bedroom/evergreen-suite-bedroom-11.jpg	1400	2099	1707	2560	0.00032
assets/img/projects/evergreen-bedroom-brindle-hide-bench.jpg	assets/img/projects/evergreen-suite-bedroom/evergreen-suite-bedroom-17.jpg	1400	2099	1707	2560	0.0004
assets/img/projects/evergreen-bedroom-camel-geometric-pillows.jpg	assets/img/projects/evergreen-suite-bedroom/evergreen-suite-bedroom-13.jpg	1400	2099	1707	2560	0.00023
assets/img/projects/evergreen-bedroom-gold-leaning-mirror.jpg	assets/img/projects/evergreen-suite-bedroom/evergreen-suite-bedroom-06.jpg	1400	1960	1463	2048	7e-05
assets/img/projects/evergreen-bedroom-headboard-nightstand.jpg	assets/img/projects/evergreen-suite-bedroom/evergreen-suite-bedroom-02.jpg	1400	1000	2048	1463	4e-05
assets/img/projects/evergreen-bedroom-navy-grid-wall-cover.jpg	assets/img/projects/evergreen-suite-bedroom/evergreen-suite-bedroom-01.jpg	800	533	2048	1365	0.00043
assets/img/projects/evergreen-bedroom-navy-grid-wall-hero-1400.jpg	assets/img/projects/evergreen-suite-bedroom/evergreen-suite-bedroom-01.jpg	1400	933	2048	1365	0.00014
assets/img/projects/evergreen-bedroom-navy-grid-wall-hero-800.jpg	assets/img/projects/evergreen-suite-bedroom/evergreen-suite-bedroom-01.jpg	800	533	2048	1365	0.00043
assets/img/projects/evergreen-bedroom-navy-grid-wall-hero.jpg	assets/img/projects/evergreen-suite-bedroom/evergreen-suite-bedroom-01.jpg	2000	1333	2048	1365	6e-05
assets/img/projects/evergreen-bedroom-nightstand-vignette.jpg	assets/img/projects/evergreen-suite-bedroom/evergreen-suite-bedroom-15.jpg	1400	2099	1707	2560	0.0003
assets/img/projects/evergreen-bedroom-peonies-on-bench.jpg	assets/img/projects/evergreen-suite-bedroom/evergreen-suite-bedroom-07.jpg	1400	2099	1707	2560	0.00037
assets/img/projects/evergreen-bedroom-rust-quilted-coverlet.jpg	assets/img/projects/evergreen-suite-bedroom/evergreen-suite-bedroom-04.jpg	1400	933	2048	1365	6e-05
assets/img/projects/evergreen-bedroom-through-mirror-frame.jpg	assets/img/projects/evergreen-suite-bedroom/evergreen-suite-bedroom-20.jpg	1400	2099	1707	2560	0.0008
assets/img/projects/gateway-condo-balcony-bistro-table.jpg	assets/img/projects/gateway-condo/gateway-condo-21.jpg	1400	1750	2400	3000	0.00022
assets/img/projects/gateway-condo-entry-hall-staircase.jpg	assets/img/projects/gateway-condo/gateway-condo-29.jpg	1400	1960	2400	3360	4e-05
assets/img/projects/gateway-condo-fireplace-gilt-painting.jpg	assets/img/projects/gateway-condo/gateway-condo-15.jpg	1400	1960	2400	3360	6e-05
assets/img/projects/gateway-condo-gilt-arched-floor-mirror.jpg	assets/img/projects/gateway-condo/gateway-condo-24.jpg	1400	1960	2400	3360	6e-05
assets/img/projects/gateway-condo-kitchen-checkerboard-floor.jpg	assets/img/projects/gateway-condo/gateway-condo-10.jpg	1400	1051	2400	1803	0.00017
assets/img/projects/gateway-condo-lacquer-hood-brass-banding.jpg	assets/img/projects/gateway-condo/gateway-condo-12.jpg	1400	2100	2400	3600	0.0002
assets/img/projects/gateway-condo-living-room-coffered-ceiling.jpg	assets/img/projects/gateway-condo/gateway-condo-14.jpg	1400	933	2400	1600	0.00047
assets/img/projects/gateway-condo-powder-room-botanical-mural.jpg	assets/img/projects/gateway-condo/gateway-condo-01.jpg	1400	1960	2400	3360	3e-05
assets/img/projects/gateway-condo-primary-bath-walnut-towers.jpg	assets/img/projects/gateway-condo/gateway-condo-25.jpg	1400	1960	2400	3360	5e-05
assets/img/projects/gateway-condo-primary-bedroom-cover.jpg	assets/img/projects/gateway-condo/gateway-condo-23.jpg	800	533	2400	1601	0.00023
assets/img/projects/gateway-condo-primary-bedroom-hero-1400.jpg	assets/img/projects/gateway-condo/gateway-condo-23.jpg	1400	933	2400	1601	0.00012
assets/img/projects/gateway-condo-primary-bedroom-hero-800.jpg	assets/img/projects/gateway-condo/gateway-condo-23.jpg	800	533	2400	1601	5e-05
assets/img/projects/gateway-condo-primary-bedroom-hero.jpg	assets/img/projects/gateway-condo/gateway-condo-23.jpg	2000	1334	2400	1601	0.00045
assets/img/projects/gateway-condo-study-paneled-built-ins.jpg	assets/img/projects/gateway-condo/gateway-condo-27.jpg	1400	1960	2400	3360	5e-05
assets/img/projects/jenns-kitchen-coffee-station.jpg	assets/img/projects/jenn-s-kitchen/jenn-s-kitchen-05.jpg	1400	1750	1638	2048	0.00033
assets/img/projects/jenns-kitchen-island-cone-pendants.jpg	assets/img/projects/jenn-s-kitchen/jenn-s-kitchen-02.jpg	1400	1960	1463	2048	8e-05
assets/img/projects/jenns-kitchen-island-x-brace-panel.jpg	assets/img/projects/jenn-s-kitchen/jenn-s-kitchen-01.jpg	1400	1960	1463	2048	0.00011
assets/img/projects/jenns-kitchen-oak-shelf-gilt-landscape.jpg	assets/img/projects/jenn-s-kitchen/jenn-s-kitchen-09.jpg	1400	1750	1638	2048	0.0003
assets/img/projects/jenns-kitchen-perimeter-run-full-height-tile.jpg	assets/img/projects/jenn-s-kitchen/jenn-s-kitchen-04.jpg	1400	1960	1463	2048	0.0001
assets/img/projects/jenns-kitchen-terracotta-mugs-shelf.jpg	assets/img/projects/jenn-s-kitchen/jenn-s-kitchen-06.jpg	1400	1750	1638	2048	0.00021
assets/img/projects/jenns-kitchen-white-oak-hood-cover.jpg	assets/img/projects/jenn-s-kitchen/jenn-s-kitchen-03.jpg	800	533	2048	1365	0.00053
assets/img/projects/jenns-kitchen-white-oak-hood-hero-1400.jpg	assets/img/projects/jenn-s-kitchen/jenn-s-kitchen-03.jpg	1400	933	2048	1365	0.00015
assets/img/projects/jenns-kitchen-white-oak-hood-hero-800.jpg	assets/img/projects/jenn-s-kitchen/jenn-s-kitchen-03.jpg	800	533	2048	1365	0.00053
assets/img/projects/jenns-kitchen-white-oak-hood-hero.jpg	assets/img/projects/jenn-s-kitchen/jenn-s-kitchen-03.jpg	2000	1333	2048	1365	8e-05
assets/img/projects/knoll-kitchen-brass-gooseneck-faucet.jpg	assets/img/projects/knoll-kitchen/knoll-kitchen-17.jpg	1400	1750	1638	2048	0.00036
assets/img/projects/knoll-kitchen-cane-barrel-chairs-shutters.jpg	assets/img/projects/knoll-kitchen/knoll-kitchen-25.jpg	1400	933	2048	1365	0.00012
assets/img/projects/knoll-kitchen-coffee-bar-sage-brick.jpg	assets/img/projects/knoll-kitchen/knoll-kitchen-12.jpg	1400	1960	1463	2048	0.00014
assets/img/projects/knoll-kitchen-island-brass-drum-pendants.jpg	assets/img/projects/knoll-kitchen/knoll-kitchen-02.jpg	1400	933	2048	1365	0.00021
assets/img/projects/knoll-kitchen-island-woven-stools.jpg	assets/img/projects/knoll-kitchen/knoll-kitchen-04.jpg	1400	1960	1463	2048	6e-05
assets/img/projects/knoll-kitchen-marble-slab-pot-filler.jpg	assets/img/projects/knoll-kitchen/knoll-kitchen-11.jpg	1400	1750	1638	2048	0.00031
assets/img/projects/knoll-kitchen-plaster-hood-cover.jpg	assets/img/projects/knoll-kitchen/knoll-kitchen-01.jpg	800	533	2048	1365	0.00053
assets/img/projects/knoll-kitchen-plaster-hood-hero-1400.jpg	assets/img/projects/knoll-kitchen/knoll-kitchen-01.jpg	1400	933	2048	1365	0.0002
assets/img/projects/knoll-kitchen-plaster-hood-hero-800.jpg	assets/img/projects/knoll-kitchen/knoll-kitchen-01.jpg	800	533	2048	1365	0.00059
assets/img/projects/knoll-kitchen-plaster-hood-hero.jpg	assets/img/projects/knoll-kitchen/knoll-kitchen-01.jpg	2000	1333	2048	1365	8e-05
assets/img/projects/knoll-kitchen-range-hood-brass-knobs.jpg	assets/img/projects/knoll-kitchen/knoll-kitchen-10.jpg	1400	1960	1463	2048	4e-05
assets/img/projects/knoll-kitchen-range-wall-garden-door.jpg	assets/img/projects/knoll-kitchen/knoll-kitchen-09.jpg	1400	933	2048	1365	0.00012
assets/img/projects/knoll-kitchen-serving-buffet-oak-hutches.jpg	assets/img/projects/knoll-kitchen/knoll-kitchen-22.jpg	1400	933	2048	1365	0.00057
assets/img/projects/knoll-kitchen-sitting-nook-cane-chairs.jpg	assets/img/projects/knoll-kitchen/knoll-kitchen-23.jpg	1400	1750	1638	2048	0.00011
assets/img/projects/mountain-falls-bath-interior-shower-window.jpg	assets/img/projects/mountain-falls-primary-bath/mountain-falls-primary-bath-18.jpg	1400	933	2048	1365	0.00024
assets/img/projects/mountain-falls-brass-pulls-slate-vanity.jpg	assets/img/projects/mountain-falls-primary-bath/mountain-falls-primary-bath-09.jpg	1400	2099	1707	2560	0.00067
assets/img/projects/mountain-falls-counter-styling-detail.jpg	assets/img/projects/mountain-falls-primary-bath/mountain-falls-primary-bath-13.jpg	1400	2099	1707	2560	0.00083
assets/img/projects/mountain-falls-double-vanity-gold-mirror.jpg	assets/img/projects/mountain-falls-primary-bath/mountain-falls-primary-bath-14.jpg	1400	1960	1463	2048	0.00014
assets/img/projects/mountain-falls-geometric-marble-mosaic.jpg	assets/img/projects/mountain-falls-primary-bath/mountain-falls-primary-bath-15.jpg	1400	933	2048	1365	0.00014
assets/img/projects/mountain-falls-gooseneck-rain-head.jpg	assets/img/projects/mountain-falls-primary-bath/mountain-falls-primary-bath-12.jpg	1400	2099	1707	2560	0.00119
assets/img/projects/mountain-falls-primary-bath-chandelier-cover.jpg	assets/img/projects/mountain-falls-primary-bath/mountain-falls-primary-bath-21.jpg	800	533	2048	1365	0.00042
assets/img/projects/mountain-falls-primary-bath-chandelier-hero-1400.jpg	assets/img/projects/mountain-falls-primary-bath/mountain-falls-primary-bath-21.jpg	1400	933	2048	1365	0.00022
assets/img/projects/mountain-falls-primary-bath-chandelier-hero-800.jpg	assets/img/projects/mountain-falls-primary-bath/mountain-falls-primary-bath-21.jpg	800	533	2048	1365	0.00047
assets/img/projects/mountain-falls-primary-bath-chandelier-hero.jpg	assets/img/projects/mountain-falls-primary-bath/mountain-falls-primary-bath-21.jpg	2000	1333	2048	1365	0.00017
assets/img/projects/mountain-falls-shower-twin-rain-heads.jpg	assets/img/projects/mountain-falls-primary-bath/mountain-falls-primary-bath-22.jpg	1400	1960	1463	2048	0.00058
assets/img/projects/mountain-falls-tub-oak-ceiling-beams.jpg	assets/img/projects/mountain-falls-primary-bath/mountain-falls-primary-bath-20.jpg	1400	1960	1463	2048	0.00045
assets/img/projects/mountain-falls-vanity-alcove-oak-shelves.jpg	assets/img/projects/mountain-falls-primary-bath/mountain-falls-primary-bath-17.jpg	1400	1960	1463	2048	0.00013
assets/img/projects/mountain-falls-widespread-faucet-greige-tile.jpg	assets/img/projects/mountain-falls-primary-bath/mountain-falls-primary-bath-01.jpg	1400	933	2048	1365	0.00012
assets/img/projects/pinewold-kitchen-aged-brass-bar-pulls.jpg	assets/img/projects/pinewold-kitchen/pinewold-kitchen-23.jpg	1400	1750	2400	3000	0.00015
assets/img/projects/pinewold-kitchen-aisle-apron-sink.jpg	assets/img/projects/pinewold-kitchen/pinewold-kitchen-12.jpg	1400	1960	2400	3360	4e-05
assets/img/projects/pinewold-kitchen-appliance-wall.jpg	assets/img/projects/pinewold-kitchen/pinewold-kitchen-07.jpg	1400	1750	2400	3000	8e-05
assets/img/projects/pinewold-kitchen-blue-stools-garden-door.jpg	assets/img/projects/pinewold-kitchen/pinewold-kitchen-16.jpg	1400	1960	2400	3360	6e-05
assets/img/projects/pinewold-kitchen-brass-faucet-pearled-tile.jpg	assets/img/projects/pinewold-kitchen/pinewold-kitchen-19.jpg	1400	1750	2400	3000	0.00011
assets/img/projects/pinewold-kitchen-island-cooktop-lanterns.jpg	assets/img/projects/pinewold-kitchen/pinewold-kitchen-02.jpg	1400	933	2400	1600	0.00043
assets/img/projects/pinewold-kitchen-island-stone-veining.jpg	assets/img/projects/pinewold-kitchen/pinewold-kitchen-11.jpg	1400	1960	2400	3360	0.0002
assets/img/projects/pinewold-kitchen-mitred-waterfall-edge.jpg	assets/img/projects/pinewold-kitchen/pinewold-kitchen-18.jpg	1400	1750	2400	3000	0.00011
assets/img/projects/pinewold-kitchen-wall-ovens-island.jpg	assets/img/projects/pinewold-kitchen/pinewold-kitchen-08.jpg	1400	934	2400	1601	0.00015
assets/img/projects/pinewold-kitchen-walnut-shelves-brass-brackets.jpg	assets/img/projects/pinewold-kitchen/pinewold-kitchen-17.jpg	1400	1960	2400	3360	0.0001
assets/img/projects/pinewold-kitchen-waterfall-island-cover.jpg	assets/img/projects/pinewold-kitchen/pinewold-kitchen-04.jpg	800	533	2400	1600	0.00138
assets/img/projects/pinewold-kitchen-waterfall-island-hero-1400.jpg	assets/img/projects/pinewold-kitchen/pinewold-kitchen-04.jpg	1400	933	2400	1600	0.00051
assets/img/projects/pinewold-kitchen-waterfall-island-hero-800.jpg	assets/img/projects/pinewold-kitchen/pinewold-kitchen-04.jpg	800	533	2400	1600	0.0011
assets/img/projects/pinewold-kitchen-waterfall-island-hero.jpg	assets/img/projects/pinewold-kitchen/pinewold-kitchen-04.jpg	2000	1333	2400	1600	0.00027
assets/img/projects/rockpoint-bronze-faucet-marble-counter.jpg	assets/img/projects/rockpoint-project/rockpoint-project-22.jpg	1400	933	2048	1365	5e-05
assets/img/projects/rockpoint-closet-island-detail.jpg	assets/img/projects/rockpoint-project/rockpoint-project-34.jpg	1400	1960	1463	2048	4e-05
assets/img/projects/rockpoint-double-shower-marble-bench.jpg	assets/img/projects/rockpoint-project/rockpoint-project-27.jpg	1400	1959	1829	2560	0.00024
assets/img/projects/rockpoint-double-vanity-navy-grasscloth.jpg	assets/img/projects/rockpoint-project/rockpoint-project-14.jpg	1400	933	2048	1365	0.00015
assets/img/projects/rockpoint-moroccan-lantern-pendants.jpg	assets/img/projects/rockpoint-project/rockpoint-project-06.jpg	1400	1959	1829	2560	0.00031
assets/img/projects/rockpoint-primary-bath-freestanding-tub.jpg	assets/img/projects/rockpoint-project/rockpoint-project-07.jpg	1400	933	2048	1366	0.00012
assets/img/projects/rockpoint-primary-bath-wood-vanity.jpg	assets/img/projects/rockpoint-project/rockpoint-project-17.jpg	1400	933	2048	1365	0.0001
assets/img/projects/rockpoint-primary-bathroom-cover.jpg	assets/img/projects/rockpoint-project/rockpoint-project-12.jpg	800	533	2048	1365	0.00038
assets/img/projects/rockpoint-primary-bathroom-hero-1400.jpg	assets/img/projects/rockpoint-project/rockpoint-project-12.jpg	1400	933	2048	1365	0.00012
assets/img/projects/rockpoint-primary-bathroom-hero-800.jpg	assets/img/projects/rockpoint-project/rockpoint-project-12.jpg	800	533	2048	1365	0.0004
assets/img/projects/rockpoint-primary-bathroom-hero.jpg	assets/img/projects/rockpoint-project/rockpoint-project-12.jpg	2000	1333	2048	1365	5e-05
assets/img/projects/rockpoint-shower-mosaic-niches.jpg	assets/img/projects/rockpoint-project/rockpoint-project-30.jpg	1400	933	2048	1365	0.00043
assets/img/projects/rockpoint-star-cross-backsplash-tile.jpg	assets/img/projects/rockpoint-project/rockpoint-project-23.jpg	1400	933	2048	1365	0.0001
assets/img/projects/rockpoint-walk-in-closet-navy-island.jpg	assets/img/projects/rockpoint-project/rockpoint-project-32.jpg	1400	933	2048	1365	5e-05
assets/img/projects/silver-moon-bench-storage-drawer.jpg	assets/img/projects/silver-moon-project/silver-moon-project-17.jpg	1400	933	2048	1365	0.0001
assets/img/projects/silver-moon-black-iron-cage-lantern.jpg	assets/img/projects/silver-moon-project/silver-moon-project-12.jpg	1400	1750	1638	2048	0.00023
assets/img/projects/silver-moon-breakfast-nook-cover.jpg	assets/img/projects/silver-moon-project/silver-moon-project-04.jpg	800	533	2048	1365	0.0008
assets/img/projects/silver-moon-breakfast-nook-hero-1400.jpg	assets/img/projects/silver-moon-project/silver-moon-project-04.jpg	1400	933	2048	1365	0.00026
assets/img/projects/silver-moon-breakfast-nook-hero-800.jpg	assets/img/projects/silver-moon-project/silver-moon-project-04.jpg	800	533	2048	1365	0.00083
assets/img/projects/silver-moon-breakfast-nook-hero.jpg	assets/img/projects/silver-moon-project/silver-moon-project-04.jpg	2000	1333	2048	1365	0.00014
assets/img/projects/silver-moon-dough-bowl-vignette.jpg	assets/img/projects/silver-moon-project/silver-moon-project-14.jpg	1400	1750	1638	2048	0.00018
assets/img/projects/silver-moon-nook-dusty-blue-shiplap.jpg	assets/img/projects/silver-moon-project/silver-moon-project-02.jpg	1400	1960	1463	2048	8e-05
assets/img/projects/silver-moon-pedestal-table-between-chairs.jpg	assets/img/projects/silver-moon-project/silver-moon-project-18.jpg	1400	933	2048	1365	0.00023
assets/img/projects/silver-moon-tasselled-throw-drawer.jpg	assets/img/projects/silver-moon-project/silver-moon-project-16.jpg	1400	1749	1639	2048	0.00022
assets/img/projects/silver-moon-teal-ticking-pillows.jpg	assets/img/projects/silver-moon-project/silver-moon-project-07.jpg	1400	1750	1638	2048	0.0003
assets/img/projects/silver-moon-window-bench-lake-view.jpg	assets/img/projects/silver-moon-project/silver-moon-project-08.jpg	1400	1750	1638	2048	0.00033
assets/img/projects/silver-moon-window-bench-velvet-pillows.jpg	assets/img/projects/silver-moon-project/silver-moon-project-06.jpg	1400	933	2048	1365	0.00015
assets/img/projects/silver-moon-x-back-chair-jute-rug.jpg	assets/img/projects/silver-moon-project/silver-moon-project-15.jpg	1400	2099	1707	2560	0.00039
assets/img/projects/starfish-built-in-white-oak-desk.jpg	assets/img/projects/starfish-vacation-home/starfish-vacation-home-30.jpg	1400	1750	1638	2048	0.00022
assets/img/projects/starfish-bunk-room-fish-wallpaper.jpg	assets/img/projects/starfish-vacation-home/starfish-vacation-home-33.jpg	1400	1960	1463	2048	0.00011
assets/img/projects/starfish-covered-porch-cover.jpg	assets/img/projects/starfish-vacation-home/starfish-vacation-home-06.jpg	800	533	2048	1365	0.00043
assets/img/projects/starfish-covered-porch-hero-1400.jpg	assets/img/projects/starfish-vacation-home/starfish-vacation-home-06.jpg	1400	933	2048	1365	9e-05
assets/img/projects/starfish-covered-porch-hero-800.jpg	assets/img/projects/starfish-vacation-home/starfish-vacation-home-06.jpg	800	533	2048	1365	0.00016
assets/img/projects/starfish-covered-porch-hero.jpg	assets/img/projects/starfish-vacation-home/starfish-vacation-home-06.jpg	2000	1333	2048	1365	4e-05
assets/img/projects/starfish-kitchen-blue-granite-island.jpg	assets/img/projects/starfish-vacation-home/starfish-vacation-home-17.jpg	1400	933	2048	1365	0.00014
assets/img/projects/starfish-kitchen-lantern-pendants.jpg	assets/img/projects/starfish-vacation-home/starfish-vacation-home-12.jpg	1400	933	2048	1365	0.0002
assets/img/projects/starfish-living-room-slate-blue-fireplace.jpg	assets/img/projects/starfish-vacation-home/starfish-vacation-home-07.jpg	1400	933	2048	1365	0.00015
assets/img/projects/starfish-primary-bath-navy-subway-shower.jpg	assets/img/projects/starfish-vacation-home/starfish-vacation-home-37.jpg	1400	1961	1462	2048	0.0013
assets/img/projects/starfish-primary-bedroom-canopy-bed.jpg	assets/img/projects/starfish-vacation-home/starfish-vacation-home-38.jpg	1400	933	2048	1365	0.00011
assets/img/projects/starfish-sofa-cable-rail-staircase.jpg	assets/img/projects/starfish-vacation-home/starfish-vacation-home-11.jpg	1400	1961	750	1051	0.00088
assets/img/projects/starfish-upstairs-den-palm-wallpaper.jpg	assets/img/projects/starfish-vacation-home/starfish-vacation-home-28.jpg	1400	933	2048	1365	0.00018
assets/img/projects/starfish-window-seat-cane-panel.jpg	assets/img/projects/starfish-vacation-home/starfish-vacation-home-08.jpg	1400	1750	1638	2048	0.00018
assets/img/projects/sunstream-bath-arched-windows-shower.jpg	assets/img/projects/sunstream-bath/sunstream-bath-02.jpg	1400	1750	1638	2048	0.00022
assets/img/projects/sunstream-bath-capiz-chandelier-cover.jpg	assets/img/projects/sunstream-bath/sunstream-bath-01.jpg	800	533	2048	1365	0.0002
assets/img/projects/sunstream-bath-capiz-chandelier-hero-1400.jpg	assets/img/projects/sunstream-bath/sunstream-bath-01.jpg	1400	933	2048	1365	9e-05
assets/img/projects/sunstream-bath-capiz-chandelier-hero-800.jpg	assets/img/projects/sunstream-bath/sunstream-bath-01.jpg	800	533	2048	1365	0.00017
assets/img/projects/sunstream-bath-capiz-chandelier-hero.jpg	assets/img/projects/sunstream-bath/sunstream-bath-01.jpg	2000	1333	2048	1365	7e-05
assets/img/projects/sunstream-bath-capiz-shell-pendant.jpg	assets/img/projects/sunstream-bath/sunstream-bath-12.jpg	1400	2099	1707	2560	0.00084
assets/img/projects/sunstream-bath-champagne-bronze-faucet.jpg	assets/img/projects/sunstream-bath/sunstream-bath-17.jpg	1400	933	2048	1365	0.00014
assets/img/projects/sunstream-bath-circle-diamond-tile.jpg	assets/img/projects/sunstream-bath/sunstream-bath-14.jpg	1400	2099	1707	2560	0.00076
assets/img/projects/sunstream-bath-dusty-blue-double-vanity.jpg	assets/img/projects/sunstream-bath/sunstream-bath-05.jpg	1400	933	2048	1365	0.00012
assets/img/projects/sunstream-bath-herringbone-floor.jpg	assets/img/projects/sunstream-bath/sunstream-bath-06.jpg	1400	933	2048	1365	0.00012
assets/img/projects/sunstream-bath-penny-round-niche.jpg	assets/img/projects/sunstream-bath/sunstream-bath-11.jpg	1400	1960	1463	2048	0.00033
assets/img/projects/sunstream-bath-reeded-walnut-linen-tower.jpg	assets/img/projects/sunstream-bath/sunstream-bath-19.jpg	1400	2099	1707	2560	0.00017
assets/img/projects/sunstream-bath-tub-walnut-bench-niche.jpg	assets/img/projects/sunstream-bath/sunstream-bath-20.jpg	1400	2099	1707	2560	0.00039
assets/img/projects/sunstream-bath-vanity-from-tub-side.jpg	assets/img/projects/sunstream-bath/sunstream-bath-03.jpg	1400	1750	1638	2048	0.00029
assets/img/projects/takoma-park-blue-library-picture-lights.jpg	assets/img/projects/takoma-park-md/takoma-park-md-07.jpg	1400	1867	2048	2731	0.00029
assets/img/projects/takoma-park-brass-bottle-shelf.jpg	assets/img/projects/takoma-park-md/takoma-park-md-01.jpg	1400	1867	2048	2731	0.0001
assets/img/projects/takoma-park-breakfast-nook-banquette.jpg	assets/img/projects/takoma-park-md/takoma-park-md-11.jpg	1400	1867	2048	2731	7e-05
assets/img/projects/takoma-park-coffee-table-vignette.jpg	assets/img/projects/takoma-park-md/takoma-park-md-04.jpg	1400	1867	2048	2731	0.00012
assets/img/projects/takoma-park-cubby-bookcase-botanical.jpg	assets/img/projects/takoma-park-md/takoma-park-md-12.jpg	1400	1867	2048	2731	0.00012
assets/img/projects/takoma-park-green-wet-bar.jpg	assets/img/projects/takoma-park-md/takoma-park-md-10.jpg	1400	1050	2048	1536	0.00168
assets/img/projects/takoma-park-living-room-stone-fireplace.jpg	assets/img/projects/takoma-park-md/takoma-park-md-05.jpg	1400	1050	2048	1536	0.00239
assets/img/projects/takoma-park-open-lower-level.jpg	assets/img/projects/takoma-park-md/takoma-park-md-16.jpg	1400	1050	2048	1536	0.00212
assets/img/projects/takoma-park-quatrefoil-fireplace-cover.jpg	assets/img/projects/takoma-park-md/takoma-park-md-14.jpg	800	600	2048	1536	5e-05
assets/img/projects/takoma-park-quatrefoil-fireplace-hero-1400.jpg	assets/img/projects/takoma-park-md/takoma-park-md-14.jpg	1400	1050	2048	1536	0.0011
assets/img/projects/takoma-park-quatrefoil-fireplace-hero-800.jpg	assets/img/projects/takoma-park-md/takoma-park-md-14.jpg	800	600	2048	1536	5e-05
assets/img/projects/takoma-park-quatrefoil-fireplace-hero.jpg	assets/img/projects/takoma-park-md/takoma-park-md-14.jpg	2000	1500	2048	1536	0.0003
assets/img/projects/takoma-park-quatrefoil-tile-oak-built-ins.jpg	assets/img/projects/takoma-park-md/takoma-park-md-15.jpg	1400	1050	2048	1536	0.00203
assets/img/projects/takoma-park-stair-bench-green-velvet.jpg	assets/img/projects/takoma-park-md/takoma-park-md-02.jpg	1400	1867	2048	2731	6e-05
assets/img/projects/vue-point-bath-gold-mirror-vanity.jpg	assets/img/projects/vue-point/vue-point-62.jpg	1400	1960	2400	3360	9e-05
assets/img/projects/vue-point-bedroom-canopy-hero-1400.jpg	assets/img/projects/vue-point/vue-point-41.jpg	1400	933	2400	1600	0.00115
assets/img/projects/vue-point-bedroom-canopy-hero-800.jpg	assets/img/projects/vue-point/vue-point-41.jpg	800	533	2400	1600	0.00323
assets/img/projects/vue-point-bedroom-canopy-hero.jpg	assets/img/projects/vue-point/vue-point-41.jpg	2000	1333	2400	1600	0.00054
assets/img/projects/vue-point-bedroom-leather-pillows.jpg	assets/img/projects/vue-point/vue-point-47.jpg	1400	1750	2400	3000	0.00016
assets/img/projects/vue-point-bedroom-moulding-panel-wall-hero-1400.jpg	assets/img/projects/vue-point/vue-point-60.jpg	1400	933	2400	1600	0.00076
assets/img/projects/vue-point-bedroom-moulding-panel-wall-hero-800.jpg	assets/img/projects/vue-point/vue-point-60.jpg	800	533	2400	1600	0.00216
assets/img/projects/vue-point-bedroom-moulding-panel-wall-hero.jpg	assets/img/projects/vue-point/vue-point-60.jpg	2000	1333	2400	1600	0.00046
assets/img/projects/vue-point-bedroom-moulding-panel-wall.jpg	assets/img/projects/vue-point/vue-point-60.jpg	1400	933	2400	1600	0.00076
assets/img/projects/vue-point-bedroom-steel-canopy-bed.jpg	assets/img/projects/vue-point/vue-point-41.jpg	1400	933	2400	1600	0.00115
assets/img/projects/vue-point-dining-room-herringbone-panel.jpg	assets/img/projects/vue-point/vue-point-13.jpg	1400	933	2400	1600	0.0009
assets/img/projects/vue-point-kitchen-brass-inlay-backsplash.jpg	assets/img/projects/vue-point/vue-point-12.jpg	1400	2100	2400	3600	0.00026
assets/img/projects/vue-point-kitchen-waterfall-islands.jpg	assets/img/projects/vue-point/vue-point-02.jpg	1400	933	2400	1600	0.00052
assets/img/projects/vue-point-living-room-fireplace-cover.jpg	assets/img/projects/vue-point/vue-point-31.jpg	800	533	2400	1600	0.00103
assets/img/projects/vue-point-living-room-fireplace-hero-1400.jpg	assets/img/projects/vue-point/vue-point-31.jpg	1400	933	2400	1600	0.00039
assets/img/projects/vue-point-living-room-fireplace-hero-800.jpg	assets/img/projects/vue-point/vue-point-31.jpg	800	533	2400	1600	0.0008
assets/img/projects/vue-point-living-room-fireplace-hero.jpg	assets/img/projects/vue-point/vue-point-31.jpg	2000	1333	2400	1600	0.00021
assets/img/projects/vue-point-living-room-marble-table.jpg	assets/img/projects/vue-point/vue-point-30.jpg	1400	1960	2400	3360	2e-05
assets/img/projects/vue-point-navy-cabinetry-brass-pulls.jpg	assets/img/projects/vue-point/vue-point-18.jpg	1400	1960	2400	3360	3e-05
assets/img/projects/vue-point-office-steel-reeded-door.jpg	assets/img/projects/vue-point/vue-point-23.jpg	1400	1960	2400	3360	4e-05
assets/img/projects/gateway-condo-kitchen-cambria-cover.jpg	assets/img/projects/gateway-condo/jkd_gatewaycondo_08.jpg	1400	1750	2400	3000	0.0
assets/img/projects/gateway-condo-powder-room-gold-oval-mirror.jpg	assets/img/projects/gateway-condo/jkd_gatewaycondo_02.jpg	1400	1960	2400	3360	0.0
assets/img/projects/gateway-condo-living-room-portrait-art.jpg	assets/img/projects/gateway-condo/jkd_gatewaycondo_16.jpg	1400	1960	2400	3360	0.0
assets/img/projects/baird-kitchen-marble-island-black-pendants.jpg	assets/img/projects/baird/baird_jkd_04-1097x1536.jpg	1097	1536	1097	1536	0.0
assets/img/projects/alexandria-kitchen-island-marble-black-cone-hero.jpg	assets/img/projects/alexandria/alexandria-03.jpg	1536	1024	1536	1024	0.0
assets/img/projects/alexandria-living-room-stone-fireplace-exposed-cover.jpg	assets/img/projects/alexandria/alexandria-06.jpg	800	534	1024	683	0.0
assets/img/projects/alexandria-arched-opening-sitting-room-marbled.jpg	assets/img/projects/alexandria/alexandria-01.jpg	1143	1600	1143	1600	0.0
assets/img/projects/alexandria-marble-waterfall-island-woven-counter.jpg	assets/img/projects/alexandria/alexandria-04.jpg	1097	1536	1097	1536	0.0
assets/img/projects/alexandria-range-wall-brass-strapped-hood.jpg	assets/img/projects/alexandria/alexandria-11.jpg	1400	1750	1638	2048	0.0
assets/img/projects/alexandria-floor-ceiling-white-oak-pantry.jpg	assets/img/projects/alexandria/alexandria-12.jpg	1400	1750	1638	2048	0.0
assets/img/projects/alexandria-laundry-room-sage-green-cabinetry.jpg	assets/img/projects/alexandria/alexandria-08.jpg	1400	1750	1638	2048	0.0
assets/img/projects/alexandria-powder-room-checked-wallpaper-fluted.jpg	assets/img/projects/alexandria/alexandria-09.jpg	768	1075	768	1075	0.0
assets/img/projects/alexandria-media-wall-white-oak-arched.jpg	assets/img/projects/alexandria/alexandria-07.jpg	1024	683	1024	683	0.0
assets/img/projects/alexandria-stone-fireplace-wood-mantel-gilt.jpg	assets/img/projects/alexandria/alexandria-20.jpg	1067	1600	1067	1600	0.0
assets/img/projects/alexandria-black-sculptural-coffee-table-patterned.jpg	assets/img/projects/alexandria/alexandria-24.jpg	1400	1750	1638	2048	0.0
assets/img/projects/ambrose-kitchen-white-kitchen-white-oak-island-hero.jpg	assets/img/projects/ambrose-kitchen/ambrose-kitchen-01.jpg	1024	683	1024	683	0.0
assets/img/projects/ambrose-kitchen-white-kitchen-veined-quartz-island-cover.jpg	assets/img/projects/ambrose-kitchen/ambrose-kitchen-13.jpg	800	534	1600	1067	0.0
assets/img/projects/ambrose-kitchen-white-oak-island-deep-drawers.jpg	assets/img/projects/ambrose-kitchen/ambrose-kitchen-02.jpg	1400	1960	1463	2048	0.0
assets/img/projects/ambrose-kitchen-gray-herringbone-tile-behind-gas.jpg	assets/img/projects/ambrose-kitchen/ambrose-kitchen-05.jpg	768	1075	768	1075	0.0
assets/img/projects/ambrose-kitchen-veined-quartz-countertop-meeting-herringbone.jpg	assets/img/projects/ambrose-kitchen/ambrose-kitchen-04.jpg	1143	1600	1143	1600	0.0
assets/img/projects/ambrose-kitchen-open-white-oak-shelves-against.jpg	assets/img/projects/ambrose-kitchen/ambrose-kitchen-06.jpg	1400	2100	1707	2560	0.0
assets/img/projects/ambrose-kitchen-black-gooseneck-faucet-black-undermount.jpg	assets/img/projects/ambrose-kitchen/ambrose-kitchen-07.jpg	1400	1960	1463	2048	0.0
assets/img/projects/ambrose-kitchen-kitchen-seen-range-wall-oak.jpg	assets/img/projects/ambrose-kitchen/ambrose-kitchen-09.jpg	768	1075	768	1075	0.0
assets/img/projects/ambrose-kitchen-white-perimeter-cabinetry-brass-hardware.jpg	assets/img/projects/ambrose-kitchen/ambrose-kitchen-12.jpg	1143	1600	1143	1600	0.0
assets/img/projects/ambrose-kitchen-brass-black-lantern-pendant-hung.jpg	assets/img/projects/ambrose-kitchen/ambrose-kitchen-16.jpg	1400	1960	1463	2048	0.0
assets/img/projects/ambrose-kitchen-gas-cooktop-black-wood-hood.jpg	assets/img/projects/ambrose-kitchen/ambrose-kitchen-14.jpg	1400	1960	1463	2048	0.0
assets/img/projects/branstetter-kitchen-white-kitchen-black-brass-range-hero.jpg	assets/img/projects/branstetter-kitchen/branstetter-kitchen-15.jpg	2000	1429	2048	1463	0.0
assets/img/projects/branstetter-kitchen-quartz-island-black-brass-counter-cover.jpg	assets/img/projects/branstetter-kitchen/branstetter-kitchen-12.jpg	800	1120	1463	2048	0.0
assets/img/projects/branstetter-kitchen-black-range-hood-banded-brass.jpg	assets/img/projects/branstetter-kitchen/branstetter-kitchen-02.jpg	1400	2100	1707	2560	0.0
assets/img/projects/branstetter-kitchen-black-glass-front-cabinet-brass.jpg	assets/img/projects/branstetter-kitchen/branstetter-kitchen-03.jpg	1400	2100	1707	2560	0.0
assets/img/projects/branstetter-kitchen-kitchen-vaulted-ceiling-black-hood.jpg	assets/img/projects/branstetter-kitchen/branstetter-kitchen-11.jpg	1400	2100	1707	2560	0.0
assets/img/projects/branstetter-kitchen-corner-shelf-white-oak-holding.jpg	assets/img/projects/branstetter-kitchen/branstetter-kitchen-05.jpg	1400	2100	1707	2560	0.0
assets/img/projects/branstetter-kitchen-black-undermount-sink-black-gooseneck.jpg	assets/img/projects/branstetter-kitchen/branstetter-kitchen-06.jpg	1400	2100	1707	2560	0.0
assets/img/projects/branstetter-kitchen-range-wall-white-subway-tile.jpg	assets/img/projects/branstetter-kitchen/branstetter-kitchen-07.jpg	1400	2100	1707	2560	0.0
assets/img/projects/branstetter-kitchen-quartz-island-waterfall-edge-gold.jpg	assets/img/projects/branstetter-kitchen/branstetter-kitchen-14.jpg	1400	1960	1463	2048	0.0
assets/img/projects/branstetter-kitchen-kitchen-seen-dining-side-hood.jpg	assets/img/projects/branstetter-kitchen/branstetter-kitchen-17.jpg	1400	2100	1707	2560	0.0
assets/img/projects/branstetter-kitchen-long-view-kitchen-island-hood.jpg	assets/img/projects/branstetter-kitchen/branstetter-kitchen-16.jpg	1400	1960	1463	2048	0.0
assets/img/projects/collective-washroom-washroom-marble-slab-wall-twin-hero.jpg	assets/img/projects/collective-washroom/collective-washroom-01.jpg	2000	1333	2400	1600	0.0
assets/img/projects/collective-washroom-marble-slab-wall-behind-oval-cover.jpg	assets/img/projects/collective-washroom/collective-washroom-02.jpg	800	1200	2400	3599	0.0
assets/img/projects/collective-washroom-oval-mirror-against-marble-slab.jpg	assets/img/projects/collective-washroom/collective-washroom-03.jpg	1400	2100	2400	3600	0.0
assets/img/projects/collective-washroom-twin-oval-mirrors-wall-mounted.jpg	assets/img/projects/collective-washroom/collective-washroom-04.jpg	1400	2100	2400	3600	0.0
assets/img/projects/collective-washroom-powder-room-black-stone-vessel.jpg	assets/img/projects/collective-washroom/collective-washroom-05.jpg	1400	2100	2400	3600	0.0
assets/img/projects/collective-washroom-black-stone-vessel-sink-brass.jpg	assets/img/projects/collective-washroom/collective-washroom-07.jpg	1400	2100	2400	3600	0.0
assets/img/projects/collective-washroom-white-oak-shelf-cabinet-against.jpg	assets/img/projects/collective-washroom/collective-washroom-08.jpg	1400	2100	2400	3600	0.0
assets/img/projects/collective-washroom-fluted-black-door-opening-powder.jpg	assets/img/projects/collective-washroom/collective-washroom-11.jpg	1400	2100	2400	3600	0.0
assets/img/projects/collective-washroom-oak-cabinetry-meeting-scalloped-tile.jpg	assets/img/projects/collective-washroom/collective-washroom-09.jpg	1400	2100	2400	3600	0.0
assets/img/projects/collective-washroom-pendant-light-vanity-fluted-door.jpg	assets/img/projects/collective-washroom/collective-washroom-10.jpg	1400	2063	2400	3536	0.0
assets/img/projects/collective-washroom-powder-room-seen-doorway-vessel.jpg	assets/img/projects/collective-washroom/collective-washroom-06.jpg	1400	2101	2400	3601	0.0
assets/img/projects/crescent-bath-primary-bath-blue-patterned-wallpaper-hero.jpg	assets/img/projects/crescent-bath/crescent-bath-02.jpg	2000	2800	2400	3360	0.0
assets/img/projects/crescent-bath-walnut-double-vanity-marble-counters-cover.jpg	assets/img/projects/crescent-bath/crescent-bath-01.jpg	800	1120	2400	3360	0.0
assets/img/projects/crescent-bath-freestanding-tub-window-arched-tile.jpg	assets/img/projects/crescent-bath/crescent-bath-05.jpg	1400	2100	2400	3600	0.0
assets/img/projects/crescent-bath-walk-shower-brass-fittings-behind.jpg	assets/img/projects/crescent-bath/crescent-bath-04.jpg	1400	1750	2400	3000	0.0
assets/img/projects/crescent-bath-water-closet-blue-patterned-wallpaper.jpg	assets/img/projects/crescent-bath/crescent-bath-03.jpg	1400	1960	2400	3360	0.0
assets/img/projects/crescent-bath-polished-nickel-faucet-marble-counter.jpg	assets/img/projects/crescent-bath/crescent-bath-07.jpg	1400	1960	2400	3360	0.0
assets/img/projects/crescent-bath-blue-beadboard-storage-tower-walnut.jpg	assets/img/projects/crescent-bath/crescent-bath-08.jpg	1400	2100	2400	3600	0.0
assets/img/projects/crescent-bath-blue-cabinetry-counter-towel-ring.jpg	assets/img/projects/crescent-bath/crescent-bath-09.jpg	1400	2100	2400	3600	0.0
assets/img/projects/crescent-bath-glass-brass-sconce-mounted-patterned.jpg	assets/img/projects/crescent-bath/crescent-bath-06.jpg	1400	2100	2400	3600	0.0
assets/img/projects/crescent-bath-close-view-blue-white-wallpaper.jpg	assets/img/projects/crescent-bath/crescent-bath-10.jpg	1400	2100	2400	3600	0.0
assets/img/projects/crescent-bath-blue-paneled-door-beadboard-wall.jpg	assets/img/projects/crescent-bath/crescent-bath-11.jpg	1400	1960	2400	3360	0.0
assets/img/projects/fox-run-modern-bath-modern-primary-bath-fluted-walnut-hero.jpg	assets/img/projects/fox-run-modern-bath/fox-run-modern-bath-02.jpg	1600	1067	1600	1067	0.0
assets/img/projects/fox-run-modern-bath-fluted-walnut-floating-vanity-twin-cover.jpg	assets/img/projects/fox-run-modern-bath/fox-run-modern-bath-03.jpg	800	1000	1638	2048	0.0
assets/img/projects/fox-run-modern-bath-black-freestanding-tub-against-wood.jpg	assets/img/projects/fox-run-modern-bath/fox-run-modern-bath-04.jpg	1400	934	1600	1067	0.0
assets/img/projects/fox-run-modern-bath-walk-shower-wood-look-tile.jpg	assets/img/projects/fox-run-modern-bath/fox-run-modern-bath-07.jpg	1024	1536	1024	1536	0.0
assets/img/projects/fox-run-modern-bath-fluted-walnut-vanity-shelf-folded.jpg	assets/img/projects/fox-run-modern-bath/fox-run-modern-bath-08.jpg	1400	2100	1707	2560	0.0
assets/img/projects/fox-run-modern-bath-primary-bath-seen-doorway-vanity.jpg	assets/img/projects/fox-run-modern-bath/fox-run-modern-bath-01.jpg	768	1152	768	1152	0.0
assets/img/projects/fox-run-modern-bath-wall-mounted-black-tub-filler.jpg	assets/img/projects/fox-run-modern-bath/fox-run-modern-bath-10.jpg	768	1152	768	1152	0.0
assets/img/projects/fox-run-modern-bath-black-hex-mosaic-floor-tile.jpg	assets/img/projects/fox-run-modern-bath/fox-run-modern-bath-09.jpg	1067	1600	1067	1600	0.0
assets/img/projects/fox-run-modern-bath-glass-shower-enclosure-black-rain.jpg	assets/img/projects/fox-run-modern-bath/fox-run-modern-bath-12.jpg	1024	1536	1024	1536	0.0
assets/img/projects/fox-run-modern-bath-black-brass-orb-chandelier-hung.jpg	assets/img/projects/fox-run-modern-bath/fox-run-modern-bath-14.jpg	1400	1749	1639	2048	0.0
assets/img/projects/fox-run-modern-bath-vanity-wall-twin-mirrors-open.jpg	assets/img/projects/fox-run-modern-bath/fox-run-modern-bath-06.jpg	1400	933	1536	1024	0.0
assets/img/projects/fox-run-modern-kitchen-modern-kitchen-walnut-cabinetry-black-hero.jpg	assets/img/projects/fox-run-modern-kitchen/fox-run-modern-kitchen-01.jpg	2000	1429	2048	1463	0.0
assets/img/projects/fox-run-modern-kitchen-black-stone-island-waterfall-edge-cover.jpg	assets/img/projects/fox-run-modern-kitchen/fox-run-modern-kitchen-02.jpg	800	533	1536	1024	0.0
assets/img/projects/fox-run-modern-kitchen-range-wall-white-hood-banded.jpg	assets/img/projects/fox-run-modern-kitchen/fox-run-modern-kitchen-06.jpg	768	1075	768	1075	0.0
assets/img/projects/fox-run-modern-kitchen-open-walnut-shelves-against-black.jpg	assets/img/projects/fox-run-modern-kitchen/fox-run-modern-kitchen-10.jpg	1400	2100	1707	2560	0.0
assets/img/projects/fox-run-modern-kitchen-black-gooseneck-faucet-brass-handle.jpg	assets/img/projects/fox-run-modern-kitchen/fox-run-modern-kitchen-12.jpg	1400	2100	1707	2560	0.0
assets/img/projects/fox-run-modern-kitchen-walnut-cabinetry-black-stone-counters.jpg	assets/img/projects/fox-run-modern-kitchen/fox-run-modern-kitchen-03.jpg	768	1075	768	1075	0.0
assets/img/projects/fox-run-modern-kitchen-faceted-brass-pendants-hung-black.jpg	assets/img/projects/fox-run-modern-kitchen/fox-run-modern-kitchen-07.jpg	960	1600	960	1600	0.0
assets/img/projects/fox-run-modern-kitchen-white-hood-banded-brass-stainless.jpg	assets/img/projects/fox-run-modern-kitchen/fox-run-modern-kitchen-11.jpg	768	1152	768	1152	0.0
assets/img/projects/fox-run-modern-kitchen-living-room-fireplace-faced-marble.jpg	assets/img/projects/fox-run-modern-kitchen/fox-run-modern-kitchen-14.jpg	1400	1749	1639	2048	0.0
assets/img/projects/fox-run-modern-kitchen-two-story-entry-curved-staircase.jpg	assets/img/projects/fox-run-modern-kitchen/fox-run-modern-kitchen-15.jpg	768	1075	768	1075	0.0
assets/img/projects/fox-run-modern-kitchen-walnut-drawer-bank-black-stone.jpg	assets/img/projects/fox-run-modern-kitchen/fox-run-modern-kitchen-05.jpg	768	1075	768	1075	0.0
assets/img/projects/gentleman-s-retreat-dark-bath-black-marble-walls-hero.jpg	assets/img/projects/gentleman-s-retreat/gentleman-s-retreat-03.jpg	1638	2048	1638	2048	0.0
assets/img/projects/gentleman-s-retreat-floating-cedar-vanity-stone-basin-cover.jpg	assets/img/projects/gentleman-s-retreat/gentleman-s-retreat-01.jpg	768	1036	768	1036	0.0
assets/img/projects/gentleman-s-retreat-cedar-vanity-black-hardware-rectangular.jpg	assets/img/projects/gentleman-s-retreat/gentleman-s-retreat-02.jpg	1143	1600	1143	1600	0.0
assets/img/projects/gentleman-s-retreat-shower-lined-slatted-wood-behind.jpg	assets/img/projects/gentleman-s-retreat/gentleman-s-retreat-04.jpg	1400	1750	1638	2048	0.0
assets/img/projects/gentleman-s-retreat-matte-black-shower-fittings-slatted.jpg	assets/img/projects/gentleman-s-retreat/gentleman-s-retreat-05.jpg	768	1075	768	1075	0.0
assets/img/projects/gentleman-s-retreat-brass-strip-lights-flanking-mirror.jpg	assets/img/projects/gentleman-s-retreat/gentleman-s-retreat-06.jpg	1067	1600	1067	1600	0.0
assets/img/projects/gentleman-s-retreat-stone-basin-set-cedar-vanity.jpg	assets/img/projects/gentleman-s-retreat/gentleman-s-retreat-07.jpg	1400	1750	1638	2048	0.0
assets/img/projects/heights-primary-bath-walnut-double-vanity-marble-counters-hero.jpg	assets/img/projects/heights-primary-bath/heights-primary-bath-03.jpg	1067	1600	1067	1600	0.0
assets/img/projects/heights-primary-bath-primary-bath-floral-wallpaper-clawfoot-cover.jpg	assets/img/projects/heights-primary-bath/heights-primary-bath-01.jpg	768	1075	768	1075	0.0
assets/img/projects/heights-primary-bath-clawfoot-tub-glass-shower-floral.jpg	assets/img/projects/heights-primary-bath/heights-primary-bath-02.jpg	768	1152	768	1152	0.0
assets/img/projects/heights-primary-bath-glass-shower-enclosure-nickel-fittings.jpg	assets/img/projects/heights-primary-bath/heights-primary-bath-05.jpg	1400	1960	1463	2048	0.0
assets/img/projects/heights-primary-bath-walnut-vanity-meeting-mint-green.jpg	assets/img/projects/heights-primary-bath/heights-primary-bath-04.jpg	1400	1960	1463	2048	0.0
assets/img/projects/heights-primary-bath-polished-nickel-tub-filler-porcelain.jpg	assets/img/projects/heights-primary-bath/heights-primary-bath-07.jpg	1024	1536	1024	1536	0.0
assets/img/projects/heights-primary-bath-brass-swing-arm-sconce-fluted.jpg	assets/img/projects/heights-primary-bath/heights-primary-bath-11.jpg	1400	2100	1707	2560	0.0
assets/img/projects/heights-primary-bath-polished-nickel-cross-handle-faucet.jpg	assets/img/projects/heights-primary-bath/heights-primary-bath-13.jpg	1400	2100	1707	2560	0.0
assets/img/projects/heights-primary-bath-hex-mosaic-floor-black-dot.jpg	assets/img/projects/heights-primary-bath/heights-primary-bath-06.jpg	768	1152	768	1152	0.0
assets/img/projects/heights-primary-bath-glass-knob-walnut-cabinet-door.jpg	assets/img/projects/heights-primary-bath/heights-primary-bath-14.jpg	1400	2100	1707	2560	0.0
assets/img/projects/heights-primary-bath-crystal-chandelier-hung-against-floral.jpg	assets/img/projects/heights-primary-bath/heights-primary-bath-16.jpg	1400	1960	1829	2560	0.0
assets/img/projects/markee-oaks-navy-kitchen-island-black-granite-hero.jpg	assets/img/projects/markee-oaks/markee-oaks-02.jpg	1829	2560	1829	2560	0.0
assets/img/projects/markee-oaks-navy-kitchen-black-granite-island-cover.jpg	assets/img/projects/markee-oaks/markee-oaks-01.jpg	800	1120	1829	2560	0.0
assets/img/projects/markee-oaks-arched-bar-niche-lined-black.jpg	assets/img/projects/markee-oaks/markee-oaks-10.jpg	1400	1750	1638	2048	0.0
assets/img/projects/markee-oaks-bar-navy-cabinetry-black-herringbone.jpg	assets/img/projects/markee-oaks/markee-oaks-03.jpg	1400	1960	1463	2048	0.0
assets/img/projects/markee-oaks-blue-white-granite-bar-counter.jpg	assets/img/projects/markee-oaks/markee-oaks-12.jpg	1400	2100	1707	2560	0.0
assets/img/projects/markee-oaks-greige-cabinetry-open-shelves-plaster.jpg	assets/img/projects/markee-oaks/markee-oaks-06.jpg	1400	1750	1638	2048	0.0
assets/img/projects/markee-oaks-pale-zellige-tile-behind-gas.jpg	assets/img/projects/markee-oaks/markee-oaks-07.jpg	1400	2100	1707	2560	0.0
assets/img/projects/markee-oaks-floor-ceiling-greige-cabinetry-brass.jpg	assets/img/projects/markee-oaks/markee-oaks-08.jpg	1400	1750	1638	2048	0.0
assets/img/projects/markee-oaks-brass-faucet-black-undermount-sink.jpg	assets/img/projects/markee-oaks/markee-oaks-13.jpg	1400	1960	1463	2048	0.0
assets/img/projects/markee-oaks-navy-cabinetry-brass-pulls-glass.jpg	assets/img/projects/markee-oaks/markee-oaks-14.jpg	1400	1750	1638	2048	0.0
assets/img/projects/markee-oaks-dining-area-round-table-black.jpg	assets/img/projects/markee-oaks/markee-oaks-04.jpg	1400	1750	1638	2048	0.0
assets/img/projects/marrelli-project-primary-bedroom-navy-board-batten-hero.jpg	assets/img/projects/marrelli-project/marrelli-project-20.jpg	2000	1429	2048	1463	0.0
assets/img/projects/marrelli-project-navy-vanity-round-gold-mirror-cover.jpg	assets/img/projects/marrelli-project/marrelli-project-17.jpg	800	1200	1067	1600	0.0
assets/img/projects/marrelli-project-navy-vanity-round-gold-mirror-2.jpg	assets/img/projects/marrelli-project/marrelli-project-15.jpg	768	1075	768	1075	0.0
assets/img/projects/marrelli-project-shower-wall-gray-geometric-tile.jpg	assets/img/projects/marrelli-project/marrelli-project-09.jpg	1400	2100	1707	2560	0.0
assets/img/projects/marrelli-project-gray-geometric-tile-meeting-marble.jpg	assets/img/projects/marrelli-project/marrelli-project-13.jpg	1400	1750	1638	2048	0.0
assets/img/projects/marrelli-project-gray-vanity-gold-framed-mirror.jpg	assets/img/projects/marrelli-project/marrelli-project-02.jpg	1400	2100	1707	2560	0.0
assets/img/projects/marrelli-project-blue-tile-tub-surround-patterned.jpg	assets/img/projects/marrelli-project/marrelli-project-19.jpg	1097	1536	1097	1536	0.0
assets/img/projects/marrelli-project-round-wood-mirror-niche-walnut.jpg	assets/img/projects/marrelli-project/marrelli-project-16.jpg	1067	1600	1067	1600	0.0
assets/img/projects/marrelli-project-sitting-area-swivel-chairs-round.jpg	assets/img/projects/marrelli-project/marrelli-project-22.jpg	1400	1750	1638	2048	0.0
assets/img/projects/marrelli-project-navy-board-batten-wall-behind.jpg	assets/img/projects/marrelli-project/marrelli-project-27.jpg	1400	1960	1463	2048	0.0
assets/img/projects/marrelli-project-woven-drum-pendant-hung-sitting.jpg	assets/img/projects/marrelli-project/marrelli-project-26.jpg	1400	1750	1638	2048	0.0
assets/img/projects/pebble-brook-kitchen-dark-stained-cabinetry-wood-hero.jpg	assets/img/projects/pebble-brook/pebble-brook-01.jpg	2000	1333	2400	1600	0.0
assets/img/projects/pebble-brook-dark-stained-island-green-leather-cover.jpg	assets/img/projects/pebble-brook/pebble-brook-05.jpg	800	1067	2400	3200	0.0
assets/img/projects/pebble-brook-arched-steel-glass-doors-opening.jpg	assets/img/projects/pebble-brook/pebble-brook-03.jpg	1400	1867	2400	3200	0.0
assets/img/projects/pebble-brook-kitchen-seen-down-runner-white.jpg	assets/img/projects/pebble-brook/pebble-brook-07.jpg	1400	1960	2400	3360	0.0
assets/img/projects/pebble-brook-island-green-leather-stools-window.jpg	assets/img/projects/pebble-brook/pebble-brook-06.jpg	1400	2100	2400	3600	0.0
assets/img/projects/pebble-brook-dining-room-stained-built-ins.jpg	assets/img/projects/pebble-brook/pebble-brook-08.jpg	1400	1867	2400	3200	0.0
assets/img/projects/pebble-brook-black-oval-dining-table-green.jpg	assets/img/projects/pebble-brook/pebble-brook-09.jpg	1400	1867	2400	3200	0.0
assets/img/projects/pebble-brook-arched-steel-glass-doors-seen.jpg	assets/img/projects/pebble-brook/pebble-brook-04.jpg	1400	1867	2400	3200	0.0
assets/img/projects/pebble-brook-teal-laundry-cabinetry-travel-print.jpg	assets/img/projects/pebble-brook/pebble-brook-10.jpg	1400	1867	2400	3200	0.0
assets/img/projects/pebble-brook-stacked-black-washer-dryer-teal.jpg	assets/img/projects/pebble-brook/pebble-brook-11.jpg	1400	2098	2400	3596	0.0
assets/img/projects/pebble-brook-powder-room-dark-floral-wallpaper.jpg	assets/img/projects/pebble-brook/pebble-brook-12.jpg	1400	1867	2400	3200	0.0
assets/img/projects/holcombe-condo-bedroom-terracotta-channel-tufted-bed-hero.jpg	assets/img/projects/holcombe-condo/holcombe-condo-01.jpg	1024	683	1024	683	0.0
assets/img/projects/holcombe-condo-living-room-olive-green-city-cover.jpg	assets/img/projects/holcombe-condo/holcombe-condo-13.jpg	800	533	1024	682	0.0
assets/img/projects/holcombe-condo-bedroom-window-seat-blue-beneath.jpg	assets/img/projects/holcombe-condo/holcombe-condo-05.jpg	1024	1535	1024	1535	0.0
assets/img/projects/holcombe-condo-terracotta-channel-tufted-headboard-mustard.jpg	assets/img/projects/holcombe-condo/holcombe-condo-02.jpg	1024	1536	1024	1536	0.0
assets/img/projects/holcombe-condo-burgundy-fluted-wardrobe-doors-arched.jpg	assets/img/projects/holcombe-condo/holcombe-condo-04.jpg	1024	1536	1024	1536	0.0
assets/img/projects/holcombe-condo-dining-room-bright-blue-glass.jpg	assets/img/projects/holcombe-condo/holcombe-condo-06.jpg	1024	1536	1024	1536	0.0
assets/img/projects/holcombe-condo-round-dining-table-antique-chairs.jpg	assets/img/projects/holcombe-condo/holcombe-condo-07.jpg	1024	1536	1024	1536	0.0
assets/img/projects/holcombe-condo-block-print-wallpaper-antique-chest.jpg	assets/img/projects/holcombe-condo/holcombe-condo-08.jpg	1024	683	1024	683	0.0
assets/img/projects/holcombe-condo-laundry-hidden-behind-papered-doors.jpg	assets/img/projects/holcombe-condo/holcombe-condo-10.jpg	1024	1536	1024	1536	0.0
assets/img/projects/holcombe-condo-gold-beaded-mirror-against-block.jpg	assets/img/projects/holcombe-condo/holcombe-condo-11.jpg	1024	1536	1024	1536	0.0
assets/img/projects/holcombe-condo-olive-sectional-round-ottoman-living.jpg	assets/img/projects/holcombe-condo/holcombe-condo-14.jpg	1024	1537	1024	1537	0.0
assets/img/projects/longwood-charcoal-kitchen-brass-lantern-pendants-hero.jpg	assets/img/projects/longwood/longwood-01.jpg	750	500	750	500	0.0
assets/img/projects/longwood-charcoal-island-black-counter-stools-cover.jpg	assets/img/projects/longwood/longwood-05.jpg	750	500	750	500	0.0
assets/img/projects/longwood-charcoal-cabinetry-along-range-wall.jpg	assets/img/projects/longwood/longwood-02.jpg	750	500	750	500	0.0
assets/img/projects/longwood-tall-cabinetry-open-wood-shelves.jpg	assets/img/projects/longwood/longwood-07.jpg	750	1050	750	1050	0.0
assets/img/projects/longwood-brass-faucet-black-undermount-sink.jpg	assets/img/projects/longwood/longwood-08.jpg	750	1050	750	1050	0.0
assets/img/projects/longwood-reclaimed-wood-slab-finishing-end.jpg	assets/img/projects/longwood/longwood-09.jpg	750	1125	750	1125	0.0
assets/img/projects/longwood-fluted-charcoal-hood-range-white.jpg	assets/img/projects/longwood/longwood-10.jpg	750	1125	750	1125	0.0
assets/img/projects/longwood-charcoal-pantry-doors-brass-pulls.jpg	assets/img/projects/longwood/longwood-12.jpg	750	1050	750	1050	0.0
assets/img/projects/longwood-brass-walnut-cabinet-pulls-white.jpg	assets/img/projects/longwood/longwood-16.jpg	750	1125	750	1125	0.0
assets/img/projects/longwood-glass-front-beverage-refrigerators-counter.jpg	assets/img/projects/longwood/longwood-19.jpg	750	1050	750	1050	0.0
assets/img/projects/longwood-kitchen-seen-refrigerator-wall-charcoal.jpg	assets/img/projects/longwood/longwood-06.jpg	750	500	750	500	0.0
assets/img/projects/pine-lodge-bath-white-oak-vanity-black-hero.jpg	assets/img/projects/pine-lodge/pine-lodge-04.jpg	750	1051	750	1051	0.0
assets/img/projects/pine-lodge-navy-double-vanity-round-mirrors-cover.jpg	assets/img/projects/pine-lodge/pine-lodge-13.jpg	750	1051	750	1051	0.0
assets/img/projects/pine-lodge-white-oak-vanity-tall-storage.jpg	assets/img/projects/pine-lodge/pine-lodge-02.jpg	750	1050	750	1050	0.0
assets/img/projects/pine-lodge-shower-black-stone-marble-gold.jpg	assets/img/projects/pine-lodge/pine-lodge-10.jpg	750	1125	750	1125	0.0
assets/img/projects/pine-lodge-patterned-floor-tile-meeting-marble.jpg	assets/img/projects/pine-lodge/pine-lodge-09.jpg	750	750	750	750	0.0
assets/img/projects/pine-lodge-navy-vanity-pink-tiled-shower.jpg	assets/img/projects/pine-lodge/pine-lodge-12.jpg	750	500	750	500	0.0
assets/img/projects/pine-lodge-floral-wallpaper-behind-arched-niche.jpg	assets/img/projects/pine-lodge/pine-lodge-20.jpg	750	1125	750	1125	0.0
assets/img/projects/pine-lodge-pink-fluted-tile-shower-wall.jpg	assets/img/projects/pine-lodge/pine-lodge-18.jpg	750	1125	750	1125	0.0
assets/img/projects/pine-lodge-pink-zellige-shower-round-niches.jpg	assets/img/projects/pine-lodge/pine-lodge-39.jpg	750	1051	750	1051	0.0
assets/img/projects/pine-lodge-round-niche-set-pink-zellige.jpg	assets/img/projects/pine-lodge/pine-lodge-41.jpg	750	1125	750	1125	0.0
assets/img/projects/pine-lodge-craft-room-lilac-built-desks.jpg	assets/img/projects/pine-lodge/pine-lodge-27.jpg	750	1125	750	1125	0.0
assets/img/projects/pool-envy-commercial-pool-showroom-navy-walls-tile-hero.jpg	assets/img/projects/pool-envy-commercial/pool-envy-commercial-01.jpg	2000	1333	2048	1365	0.0
assets/img/projects/pool-envy-commercial-showroom-meeting-table-cognac-leather-cover.jpg	assets/img/projects/pool-envy-commercial/pool-envy-commercial-03.jpg	800	533	2048	1365	0.0
assets/img/projects/pool-envy-commercial-showroom-sample-racks-along-wall.jpg	assets/img/projects/pool-envy-commercial/pool-envy-commercial-02.jpg	1400	933	2048	1365	0.0
assets/img/projects/pool-envy-commercial-stone-tile-sample-racks-lining.jpg	assets/img/projects/pool-envy-commercial/pool-envy-commercial-05.jpg	1400	933	2048	1365	0.0
assets/img/projects/pool-envy-commercial-black-table-leather-stools-sample.jpg	assets/img/projects/pool-envy-commercial/pool-envy-commercial-07.jpg	1400	934	1600	1067	0.0
assets/img/projects/pool-envy-commercial-wood-slat-wall-screen-brass.jpg	assets/img/projects/pool-envy-commercial/pool-envy-commercial-04.jpg	1024	683	1024	683	0.0
assets/img/projects/pool-envy-commercial-brass-linear-sconce-mounted-wood.jpg	assets/img/projects/pool-envy-commercial/pool-envy-commercial-09.jpg	1400	2100	1707	2560	0.0
assets/img/projects/pool-envy-commercial-black-cabinetry-long-brass-pulls.jpg	assets/img/projects/pool-envy-commercial/pool-envy-commercial-11.jpg	1400	1960	1463	2048	0.0
assets/img/projects/pool-envy-commercial-industrial-dome-pendants-hung-selection.jpg	assets/img/projects/pool-envy-commercial/pool-envy-commercial-08.jpg	1400	2100	1707	2560	0.0
assets/img/projects/pool-envy-commercial-leather-stools-pulled-up-black.jpg	assets/img/projects/pool-envy-commercial/pool-envy-commercial-06.jpg	1400	1750	1638	2048	0.0
assets/img/projects/pool-envy-commercial-showroom-entry-sample-display-beverage.jpg	assets/img/projects/pool-envy-commercial/pool-envy-commercial-14.jpg	1400	933	2048	1365	0.0
